{
	"class_name" : "PinholeCameraParameters",
	"extrinsic" : 
	[
		0.99894101831752113,
		-0.0054151174090486878,
		0.045689368853161154,
		0.0,
		-0.037259717342837395,
		-0.67779685230237807,
		0.73430452842980631,
		0.0,
		0.026991765156911408,
		-0.7352292863538793,
		-0.67728084359538743,
		0.0,
		-0.0066370450361139489,
		0.094924526287320107,
		0.29243086137114427,
		1.0
	],
	"intrinsic" : 
	{
		"height" : 1025,
		"intrinsic_matrix" : 
		[
			887.67603887904966,
			0.0,
			0.0,
			0.0,
			887.67603887904966,
			0.0,
			926.0,
			512.0,
			1.0
		],
		"width" : 1853
	},
	"version_major" : 1,
	"version_minor" : 0
}