{
	"class_name" : "PinholeCameraParameters",
	"extrinsic" : 
	[
		0.99923679268094701,
		0.03778216819160192,
		-0.009916648598991485,
		0.0,
		0.02952802215621992,
		-0.56440843184273437,
		0.82496740418780623,
		0.0,
		0.025572017132720705,
		-0.82463060204649641,
		-0.56509330389608836,
		0.0,
		-0.024821498689125785,
		0.39194916052699591,
		-0.084890804265180309,
		1.0
	],
	"intrinsic" : 
	{
		"height" : 1025,
		"intrinsic_matrix" : 
		[
			887.67603887904966,
			0.0,
			0.0,
			0.0,
			887.67603887904966,
			0.0,
			926.0,
			512.0,
			1.0
		],
		"width" : 1853
	},
	"version_major" : 1,
	"version_minor" : 0
}