{
	"class_name" : "PinholeCameraParameters",
	"extrinsic" : 
	[
		-0.0060988360165063179,
		0.99840755739863285,
		-0.056081668382277211,
		0.0,
		-0.13355611840691251,
		0.054766991750265372,
		0.98952682624106014,
		0.0,
		0.99102248583739139,
		0.013525011790098782,
		0.13300942305248586,
		0.0,
		-0.088392267061912666,
		-0.00050702649222442088,
		0.26639300849780062,
		1.0
	],
	"intrinsic" : 
	{
		"height" : 1025,
		"intrinsic_matrix" : 
		[
			887.67603887904966,
			0.0,
			0.0,
			0.0,
			887.67603887904966,
			0.0,
			926.0,
			512.0,
			1.0
		],
		"width" : 1853
	},
	"version_major" : 1,
	"version_minor" : 0
}