{
	"class_name" : "PinholeCameraParameters",
	"extrinsic" : 
	[
		0.98687055575779992,
		0.070695649325395543,
		0.14521925266558808,
		0.0,
		-0.1589032698101274,
		0.26399896082005986,
		0.95134341829308855,
		0.0,
		0.028918108892890315,
		-0.96192862201537044,
		0.27176657102312957,
		0.0,
		-0.25895054637656406,
		0.30963767997687058,
		-0.10950334130413257,
		1.0
	],
	"intrinsic" : 
	{
		"height" : 1025,
		"intrinsic_matrix" : 
		[
			887.67603887904966,
			0.0,
			0.0,
			0.0,
			887.67603887904966,
			0.0,
			926.0,
			512.0,
			1.0
		],
		"width" : 1853
	},
	"version_major" : 1,
	"version_minor" : 0
}
